﻿Name,Oluşturan,Oluşturuldu,Son Düzenleyen,Tags,Tamamlandı,Thumbnail 700x300px,Yazarlar
Kapak Tasarımı,Atahan Göktürk Güner,"Jan 12, 2021 8:28 PM",Zeynep Yarar,,No,,
Plastiğin Doğuşu: BAKALİT - Viyana Sergisi,Zeynep Yarar,"Jan 19, 2021 1:23 AM",Zeynep Yarar,,Yes,,
"Dieter Rams ve Tasarım Felsefesi: ""Az daha iyidir.""",Hilal Doruk,"Dec 28, 2020 9:11 PM",Hilal Doruk,,Yes,I%CC%87c%CC%A7erikler%2077a052c4066c48abbe8666f969e1afab/markutdergiyazheader.png,Hilal Doruk
" Tasarımda Malzeme: SERAMİK",Eylül Ecem Söğütlü,"Feb 4, 2021 8:11 PM",Eylül Ecem Söğütlü,,No,,
İkonik tasarımlar: BIC® Cristal® Pen,zeynep dağ,"Feb 4, 2021 11:00 PM",zeynep dağ,,No,,
Tasarım Sözlüğü: Kitsch,GÖKSU GÖKTÜRK,"Feb 5, 2021 1:41 AM",GÖKSU GÖKTÜRK,,No,,
,Zeynep Yarar,"Feb 5, 2021 1:14 AM",Zeynep Yarar,,No,,